FirstName,LastName,Username
Hazal,Cansever,cansever
Martin,Gonzalez Vazquez,gonzlezv
Mehmet,Hocu,hcme
Iason,Iacovides,iacovidi
Jalal,Mammadov,mammadoj
Mert,Rasna,rasna
Abdellah,Sabhi,sabhi
Mario,Uesaka,uesakam
