FirstName,LastName,Username
Laurent,Bialylew,bialylew
Tarun,Challa,challat
Anouska,Falcao,falcaoa
Erato,Georgiou,georgi18
Daniil,Karbukov,karbukov
Edgar,Kolian,kolian
Enes,Sejdini,sejdini
